<!--
  This Behavior Tree replans the global path only if the path becomes invalid
-->
<root BTCPP_format="4" main_tree_to_execute="MainTree">
  <BehaviorTree ID="MainTree">
    <PipelineSequence name="NavigateWithReplanning">
      <ControllerSelector selected_controller="{selected_controller}" default_controller="FollowPath" topic_name="controller_selector"/>
      <PlannerSelector selected_planner="{selected_planner}" default_planner="GridBased" topic_name="planner_selector"/>
      <RateController hz="1.0">
        <Fallback>
          <ReactiveSequence>
            <Inverter>
              <GlobalUpdatedGoal/>
            </Inverter>
            <IsPathValid path="{path}"/>
          </ReactiveSequence>
          <ComputePathToPose goal="{goal}" path="{path}" planner_id="{selected_planner}" error_code_id="{compute_path_error_code}" error_msg="{compute_path_error_msg}"/>
        </Fallback>
      </RateController>
      <FollowPath path="{path}" controller_id="{selected_controller}" error_code_id="{follow_path_error_code}" error_msg="{follow_path_error_msg}"/>
    </PipelineSequence>
  </BehaviorTree>
</root>
